{
  "name": "bobvehicleequipment",
  "version": "0.17.1",
  "factorio_version": "0.17",
  "title": "Bob's Vehicle Equipment mod",
  "author": "Bobingabout",
  "contact": "robertagius@hotmail.com",
  "homepage": "https://forums.factorio.com/viewforum.php?f=51",
  "dependencies": [
    "base >= 0.17.0",
    "boblibrary >= 0.17.0",
    "? boblogistics >= 0.17.0",
    "? bobwarfare >= 0.17.0"
  ],
  "description": "Requires Bob's functions library mod.\n\nA range of equipment based on all the modular armor equipment available in base mod.\nUp to 6 tiers on most items.\nEquipment can be used on the Tank, Locomotive, Cargo and Fluid wagons, and the Artillery wagon.\nIf Bob's Logistics mod is installed, the equipment can be used on all train vehicles added by it.\nIf Bob's Warfare mod is installed, the equipment can be used on all tanks and Artillery wagons added by it.\n\nAlthough it can function as a stand alone mod, it is intended to be used with the full Bob's Mods set."
}
