{
 "name": "research-queue", 
 "version": "1.6.7", 
 "factorio_version": "0.16",
 "title": "Research queue", 
 "author": "Mr Doomah updated by Doomquill and Chrisgbk and thelordodin", 
 "contact": "http://www.factorioforums.com/forum/memberlist.php?mode=viewprofile&u=7604", 
 "homepage": "https://forums.factorio.com/viewtopic.php?f=92&t=17219", 
 "description": "Allows players to queue research, view research by required science packs, and automatically queue prerequisites for desired tech. Special thanks to Chrisgbk for 0.16 update.", 
 "dependencies": ["base >= 0.16", "? bobmodules >= 0.1", "? bobenemies >= 0.1", "? angelsrefining >= 0.1", "? angelssmelting >= 0.1", "? bobelectronics >= 0.1", "? angelsbioprocessing >= 0.1", "? dark-matter-replicators >= 0.1"]
}